{"accuracy": 0.8596549435965495, "f1_score": 0.6666666666666666}